queue,n_threads,throughput_mops_mean,throughput_mops_std,throughput_mops_min,throughput_mops_max,e2e_p50_mean,e2e_p50_std,e2e_p50_min,e2e_p50_max,e2e_mean_mean,e2e_mean_std,e2e_mean_min,e2e_mean_max,e2e_p99_mean,e2e_p99_std,e2e_p99_min,e2e_p99_max,e2e_p999_mean,e2e_p999_std,e2e_p999_min,e2e_p999_max,enq_p50_mean,enq_p50_std,enq_p50_min,enq_p50_max,deq_p50_mean,deq_p50_std,deq_p50_min,deq_p50_max,n_trials
MutexQueue,1,8.99197206234518,0.005098105429462115,8.985325138904,8.996903799903237,196.2,0.44721359549995915,196.0,197.0,196.82599,0.6131273264583759,196.50839,197.91794,200.4,0.8944271909999143,200.0,202.0,203.4,0.5477225575051667,203.0,204.0,42.0,0.0,42.0,42.0,43.2,0.44721359549995865,43.0,44.0,5
MutexQueue,2,3.8870408573484254,0.16379833297184548,3.695861405197305,4.048454945124458,1081.6,73.96485651983654,998.0,1163.0,1042.086016,59.928411276459194,959.05941,1118.96368,2609.8019999999988,97.58763251559931,2473.0,2739.0099999999948,3532.203600000014,244.0321202368614,3230.0020000000077,3826.0020000000077,198.6,24.935917869611295,172.0,232.0,264.4,36.5349148076193,223.0,323.0,5
MutexQueue,4,2.643015304067913,0.15784745389668078,2.42568956858732,2.826490992400125,2660.4,150.53670648715544,2494.0,2842.0,3112.441796,111.0056467791803,2981.75485,3259.24524,11075.41999999999,237.57656713151914,10729.0,11378.029999999984,16518.02300000009,404.4953724728647,15910.038000000146,17043.0,652.0,296.3815108943201,363.0,1003.0,575.0,199.7661132424616,415.0,853.0,5
MutexQueue,8,2.3862868977180716,0.14863361699014416,2.2045589590348165,2.5664589216194087,5758.8,298.4370955494641,5357.0,6117.0,6676.546036,374.079990098746,6276.91401,7154.06458,21702.613999999994,717.9556978532856,20821.009999999995,22651.01999999999,31957.3308000005,429.199066399563,31525.14600000056,32599.147000000565,1520.4,1078.095450319683,277.0,2423.0,1288.5,769.409838772549,441.0,2009.0,5
MutexQueue,16,2.446433152392635,0.10224047104572664,2.3062716776024383,2.5554512966918885,11939.1,470.632340580203,11328.0,12354.5,13090.529862,484.8830773433528,12619.76406,13718.94309,40583.27399999996,1853.1025013015603,38585.09999999995,43208.049999999974,59435.901000000384,3346.402173706735,55788.056000000215,62654.0530000002,1380.2,2380.571927079709,243.0,5637.0,1337.4,1921.2903997053647,454.0,4774.0,5
MutexQueue,32,2.300841163237491,0.07575316215461915,2.230632273879819,2.4179761413760423,26711.2,446.0253075779447,26153.5,27153.0,27947.082558000002,905.8843908524793,26522.36994,28770.13569,79750.73599999993,2740.1409578030953,76740.03999999998,83807.14999999992,117765.94960000133,4683.734818280633,113151.3380000013,124495.42600000164,5360.7,6717.600181612478,279.0,12852.5,5482.3,6644.588471079304,502.0,12845.0,5
MutexQueue,48,1.9544299761917636,0.0930095277034881,1.827609757722722,2.070527337431252,46267.8,1179.3274884441562,44904.0,47842.0,48911.92477,2535.0037893848917,45447.75573,52137.96905,131228.95799999993,4497.130178243722,124592.30999999984,137211.07999999996,186965.8658000018,6775.086408691349,177001.3830000015,194447.7230000028,17624.2,9562.5256966975,531.0,22367.0,17361.3,9272.230554187056,793.0,22070.5,5
MutexQueue,64,1.9683755216265602,0.06067993826986411,1.9071221576305994,2.048365974720817,61686.9,1353.0900007020962,59729.0,63524.0,65499.008562,2386.9915884929337,62461.8671,67985.39326,174289.75199999992,3041.7220373531554,170128.07999999996,177496.31999999983,254937.17620000144,11598.420349312017,241371.47600000183,272245.4670000018,23243.8,12629.642857183255,699.0,30202.0,23286.4,12565.806134108549,1021.0,31793.0,5
MutexQueue,96,1.646040310432556,0.08658492605073743,1.5849692086711025,1.795987091342781,105883.0,4680.515943782267,97687.0,109142.0,116770.388852,6110.107610870796,105959.07731,120435.23243,298083.1839999998,11789.390568088229,277536.04,306553.5699999997,418468.24740000017,19890.93145536783,384852.0380000002,435893.03500000015,48046.2,1817.889628112774,45240.0,49829.0,47260.4,1696.2177926198042,44781.0,49097.0,5
MutexQueue,144,1.68344672021422,0.0708270077181227,1.568597898727145,1.7607769447692414,159090.4,6196.551121390028,155313.0,170107.0,169878.49123786917,8091.054631396231,160345.14121143814,182234.5258575119,445870.43999999936,25235.838544974195,409228.3999999992,479761.79999999946,611431.4840000103,23299.676046381683,586127.7600000426,649366.1600000007,75124.0,2757.5752936230037,71818.0,79234.0,73690.6,2627.7993264326715,70437.0,77534.0,5
MutexQueue,192,1.6141684016324749,0.043355332454274455,1.573573795078894,1.6784060387650603,218260.8,3895.48627580691,215069.5,222744.5,235906.48021,7850.54650250598,224258.16884,243732.77489,611269.3619999995,30388.19358023603,560061.0,635747.1999999983,877903.4668000026,31676.523560624453,844918.3520000052,911282.791000003,101252.5,2114.562927651954,98270.5,103506.0,100666.6,2255.6333201564494,97564.5,103328.0,5
TwoLockQueue,1,9.008957975559726,0.004510641086153454,9.003812551877438,9.015968124796025,202.0,0.0,202.0,202.0,202.312294,0.051189816663080895,202.2293,202.36548,206.0,0.0,206.0,206.0,208.0,0.0,208.0,208.0,49.0,0.0,49.0,49.0,42.0,0.0,42.0,42.0,5
TwoLockQueue,2,4.585278333927173,0.22063370756592024,4.374946594890199,4.824969215691202,888.8,81.40454532764126,751.0,943.0,995.4768819999999,36.61700558422373,936.20457,1033.13164,2431.601999999999,193.92004027433484,2162.0,2649.0,3214.6016000000063,358.93976806881943,2789.0030000000115,3610.001000000004,272.0,13.693063937629148,252.0,290.0,348.0,13.892443989449811,328.0,363.0,5
TwoLockQueue,4,3.9186708374134183,0.07244980973344006,3.8411139230376814,4.015728269053794,1727.4,40.134772953138786,1663.0,1769.0,2119.857382,32.033940437113976,2081.6586,2152.64823,7561.625999999987,460.2798075410207,7141.029999999984,8271.029999999984,11430.424600000095,854.2486767553055,10766.046000000177,12752.003000000012,308.0,35.65809865935086,262.0,340.0,541.6,30.86745859315276,493.0,573.0,5
TwoLockQueue,8,3.7038980443231253,0.07651069568450762,3.585685272077876,3.773139959910388,3614.4,171.2579925142182,3388.0,3851.0,4393.49288,80.0573436034409,4292.91142,4509.61362,14140.819999999989,1418.4272347744877,12739.01999999999,16193.009999999995,20786.21620000006,2797.4604840990582,18199.035000000134,24825.027000000104,413.8,155.57216974767692,293.0,678.0,849.4,282.008510509878,581.0,1267.0,5
TwoLockQueue,16,3.559669148227338,0.022353442717723167,3.5322849928480426,3.582323472614816,8220.5,334.653925720288,7764.0,8662.0,9079.342472,61.703710595826635,9005.2594,9152.41067,25575.49199999995,3918.573905857836,20889.01999999999,30479.099999999948,38667.46840000026,7077.151821485591,30579.114000000438,47398.07500000029,443.1,128.13976744164944,312.0,634.5,2289.1,1378.2585207427524,717.0,4513.0,5
TwoLockQueue,32,3.407598398203762,0.06860225106497722,3.330427881925924,3.5183038843357597,19950.0,2963.0113693673197,14821.5,22489.5,19310.658988,362.4921475259704,18900.60985,19799.33039,42819.85399999997,10663.921572211597,35919.03999999998,61539.07999999996,66935.3298000005,16544.57253596153,54010.051000000196,95026.27100000104,440.3,197.99671714450216,332.0,792.5,11900.7,4935.504579067879,3230.0,15620.0,5
TwoLockQueue,48,2.988909360324084,0.037067333391831096,2.9303805679138586,3.0261120370698724,36176.4,1522.8274032207323,35042.0,38844.0,32313.553148,464.36057717165863,31915.04842,33022.11615,51627.447999999975,3237.8498715768114,47322.029999999984,54904.0,71867.28720000034,10342.209011243454,61704.004000000015,84449.00200000001,423.6,56.74328154063704,323.0,459.0,22537.2,1636.8934601860926,21335.0,25422.0,5
TwoLockQueue,64,2.946024883541554,0.02840763473843992,2.918276848716984,2.9790188632405363,50610.7,2266.1487594595374,48158.5,53131.0,44073.892697999996,664.6321241545753,43062.94568,44771.8375,64771.02799999998,1820.6083985085834,61665.029999999984,66428.02999999998,80389.10080000115,7714.909844120872,75917.31700000122,94089.54200000208,386.6,76.9564812085376,332.0,508.0,31731.5,2457.428839254557,29081.0,34423.0,5
TwoLockQueue,96,2.60990964333169,0.02522613140648964,2.578383877043319,2.6467973063323247,82789.6,1532.3050610110265,81056.0,84200.0,74173.35986,1027.4340003580455,72730.56323,75625.41865,98344.23399999998,1944.2939705276217,95067.07999999996,99981.01,113817.83200000013,8291.20547363183,106606.001,127865.01500000006,549.1,130.99446553194528,424.0,761.5,48996.9,1530.6488983434447,47207.0,50515.0,5
TwoLockQueue,144,2.6119279812910734,0.023167603154039994,2.583894625283876,2.64555070996011,128191.0,3114.4558914840973,125189.0,131984.0,108894.89935268948,880.5599125588873,107350.83026301353,109536.06755368489,146176.51999999996,3325.9904467691986,143405.79999999996,150380.39999999994,157325.28000000017,1608.8530792462868,155325.66000000003,159305.4400000003,459.0,45.689167206242665,401.0,520.0,77246.4,3316.918343884877,74461.0,81203.0,5
TwoLockQueue,192,2.510295655835973,0.03011019583366126,2.4819509168352543,2.5579110393178905,176656.1,3818.005261258815,171677.0,181213.5,154525.920008,2081.9092186989647,150877.06864,155927.81725,199994.07999999996,4712.756864813833,192775.02999999997,204180.02,220549.0374000009,6873.724783009738,214673.10700000043,231835.44800000172,570.8,69.67567724823347,484.0,673.0,105409.6,3719.241091943354,100468.0,109664.0,5
MSQueue,1,5.645798313970975,0.003244370608889734,5.640630164151151,5.649301928706987,286.4,0.54772255750517,286.0,287.0,290.81503000000004,0.3370477613781376,290.30785,291.10367,319.6,0.8944271909999123,319.0,321.0,350.4006000000023,1.8168379949801459,348.0,353.00100000000384,131.4,0.5477225575051635,131.0,132.0,41.0,0.0,41.0,41.0,5
MSQueue,2,3.847850212697864,0.05065734854876892,3.813325786126048,3.9372097076826855,1082.2,16.724233913695443,1059.0,1097.0,1016.298392,17.715975549587206,989.68288,1038.93739,2019.205999999997,62.093896882061024,1920.0099999999948,2083.0099999999948,2305.8004000000014,64.53832350084699,2214.001000000004,2388.001000000004,558.4,7.956129712366423,546.0,565.0,332.0,8.215838362577495,323.0,344.0,5
MSQueue,4,3.3743179007105177,0.10161117597075889,3.2576191385124385,3.5183844751285034,2155.6,77.65822557849239,2071.0,2233.0,2351.157496,68.96936170752517,2253.35311,2429.94158,5525.017999999991,184.48705949199066,5299.0199999999895,5774.0,7726.408600000033,363.8832449575011,7215.006000000023,8129.01300000005,1087.8,28.621670111997297,1061.0,1120.0,640.6,26.15912842584784,611.0,668.0,5
MSQueue,8,2.4609894106505736,0.09609953144008805,2.388245354893882,2.568707919848286,5694.0,253.07607551880523,5394.0,5890.0,6573.775226,291.3388770271747,6224.51985,6805.48233,19043.05599999997,288.75338349532336,18671.009999999995,19277.069999999963,27403.44680000018,416.84279046087175,26781.041000000158,27792.085000000327,3013.4,150.8452849776883,2802.0,3139.0,1494.4,109.28083088995983,1354.0,1587.0,5
MSQueue,16,1.5154624025867087,0.0492882890592426,1.452751526524065,1.5671678338802095,16876.1,737.3045842797939,16301.0,17964.0,21135.673518,875.614590252375,20371.16697,22124.41977,74499.67999999985,3063.6726288965647,71411.1999999999,79483.30999999984,113291.8528000002,3923.2881275591535,107932.00800000003,118293.12000000046,10371.3,781.1424005903148,9692.5,11670.0,3797.9,507.00559661605314,3448.0,4692.5,5
MSQueue,32,0.9654675498042993,0.011472585061944832,0.9570558569201494,0.9852874011505284,51139.2,1736.8519870731645,48445.0,52807.0,66336.901914,1152.9864508291355,64792.45609,67631.19568,252662.30599999972,6816.548012735675,246300.5499999997,264248.3999999998,406218.1470000021,17889.799979959284,386457.9730000037,434885.1110000043,33222.8,574.1013194550243,32591.5,33850.5,11019.9,1526.2398812113381,8398.5,12229.5,5
MSQueue,48,0.6235807905001718,0.009558050537041085,0.610012788028499,0.6315581724285385,107434.3,3421.5195929586607,102240.5,111790.5,146181.95565,3167.8859411705553,140926.95669,149324.46444,618952.019999999,17129.95874452775,596137.03,644459.1599999978,986138.515000008,40997.435181727844,929616.0360000001,1045159.5790000291,76176.5,2175.59394189265,73951.5,78777.5,19392.8,2016.8020354015905,16714.5,21462.5,5
MSQueue,64,0.5198598272735901,0.019798311273721166,0.4975575624862329,0.5430747364178281,171901.9,8699.160141933244,161393.0,183446.5,235628.45276199997,9834.973185429388,225097.16089,247572.19645,1018900.6459999984,23231.529816259263,983188.8699999974,1046334.939999998,1694006.7044000183,62492.53662802447,1592935.2040000008,1760369.9390000228,118090.2,9312.87047987891,106984.0,128789.5,32896.6,2703.6529548002277,30725.0,37291.0,5
MSQueue,96,0.9543759714375213,0.015244892931951989,0.9324405538794018,0.9730313219796118,119823.8,4977.863756170915,114809.0,125560.5,195028.539412,3958.557375664507,191606.86354,200907.48076,850632.0899999993,16868.81652173439,828689.3199999998,866170.7699999996,1420138.0114000177,35860.34239376616,1383339.4720000133,1466484.276000024,63947.5,2777.584022131463,60948.0,68260.5,15752.7,2152.323151852435,13129.5,17855.0,5
MSQueue,144,0.7356001981169881,0.008419807890587702,0.7269267203028867,0.7461652837961253,228471.6,5436.03746307915,220028.0,233889.0,320611.5872393054,3379.6790241041363,317668.93240641925,325132.8882117673,1415993.5199999982,24846.959877055586,1390340.3999999962,1446545.999999999,2282550.4320000326,25631.104026115503,2240611.120000036,2310462.260000026,144648.8,1627.7758445191373,142751.0,146307.0,32445.8,1954.8664148734051,30095.0,34842.0,5
MSQueue,192,0.7798101553052569,0.012297209018123513,0.7648640573648043,0.7950285868677426,357444.4,10128.028049674831,347524.0,368842.0,463612.91305599996,9615.821872346582,451406.26526,474678.41716,1792696.1159999971,23049.016054714306,1761314.0299999968,1811382.9299999995,2921764.893600036,34473.46716311447,2876159.984000004,2970388.7190000718,197157.8,3652.2389468653328,192016.0,201663.5,55104.4,2825.9947452180454,51228.0,57805.0,5
ValoisQueue,1,8.798782163255092,0.018010007094846077,8.766803039158388,8.80828896692992,204.0,0.0,204.0,204.0,242.259888,0.17036538107842625,241.97137,242.41638,901.2,6.6105975524153555,890.0,907.0,968.2010000000039,10.256485777301249,952.0010000000038,978.0010000000038,57.4,0.5477225575051664,57.0,58.0,34.0,0.0,34.0,34.0,5
ValoisQueue,2,4.101688924935379,0.05907020433047559,4.016169264800473,4.1666214559303825,1011.2,25.20317440323738,979.0,1049.0,953.830146,19.429064526666778,937.67636,984.53304,2154.8019999999988,41.14001725813735,2115.0,2215.0099999999948,2686.203600000014,61.24036826555424,2634.0040000000154,2762.0040000000154,399.8,6.648308055437863,394.0,410.0,426.2,15.817711591756888,404.0,442.0,5
ValoisQueue,4,3.219533546292805,0.10073797261513,3.0996238477309785,3.3291141435333693,2204.4,98.52563118295667,2085.0,2334.0,2463.294878,83.91947138076569,2369.4439,2567.76335,6404.213999999993,88.47857441210883,6281.0,6481.029999999984,9084.206200000024,203.28881288501032,8824.002000000008,9380.0,1092.4,58.71371219740752,1030.0,1156.0,884.4,37.70676331906518,838.0,939.0,5
ValoisQueue,8,2.7957354047098955,0.1105236013398581,2.611383319109001,2.9029990096539837,4606.0,255.8339305096179,4373.0,5041.0,5638.77725,291.76053505097906,5380.78876,6134.23881,18747.027999999984,613.2358322619446,18029.01999999999,19700.029999999984,27166.64020000015,513.4890683011017,26722.017000000065,27977.03400000013,2787.8,167.5222373298542,2630.0,3067.0,1348.2,76.27712632237795,1278.0,1477.0,5
ValoisQueue,16,2.0343285879937754,0.10167691023516848,1.9146819708260308,2.1429109547951817,10893.1,475.86190223635276,10401.0,11497.5,14785.202280000001,579.4763302198324,14229.56557,15646.82988,61660.26199999986,1888.8786649412182,59282.259999999864,64571.08999999995,97690.35760000137,2360.7108271257457,94839.25500000098,100559.79100000304,7889.6,352.37753191711874,7386.0,8205.0,2310.8,175.70771183986204,2112.0,2512.0,5
ValoisQueue,32,1.3707963133203083,0.02200649608818531,1.3390662105472386,1.396673443927562,28658.0,682.9251423106341,27945.5,29589.5,43356.4346,804.0688132150865,42593.28141,44604.76904,214861.94799999963,2767.0842176051992,211176.23999999987,218464.49999999974,350338.108000005,4265.711932804639,343619.8410000109,355328.86700000335,22686.8,615.5003655563497,21818.0,23391.0,4588.3,108.16284019939559,4491.0,4759.0,5
ValoisQueue,48,0.9439350962900122,0.050978491971503545,0.897794091860234,1.0143327328342675,62828.3,3179.319317872931,59508.0,66674.5,97455.878566,4998.729477175528,91207.43427,102667.18077,507360.9219999995,35730.43319427233,456853.66999999963,533452.3899999987,855228.8812000065,89519.02061602169,747100.520000002,972576.7110000065,53007.8,2356.9039702541963,50504.0,56069.5,7950.7,561.0721433113572,7332.0,8477.5,5
ValoisQueue,64,0.7417126724446372,0.03495687680553316,0.7041349592005134,0.7869747481527101,105655.4,6746.206863860609,96494.5,112841.0,168615.401226,9263.067623494795,157226.66201,179654.50172,883358.9579999994,45703.46152284541,829557.6699999997,942774.01,1463949.578000013,106317.06334265295,1352292.4730000056,1612987.1120000118,90552.1,7057.387294530464,80356.0,97861.0,12319.7,725.1023720827287,11422.5,13239.0,5
ValoisQueue,96,1.2078670718331055,0.019224686381724015,1.1931431554286458,1.2377514182568334,91293.8,2551.735502555074,87913.5,94771.0,164508.168864,1913.231596316568,161567.55082,166350.99636,788352.5119999994,15630.461237074283,760924.3099999988,799978.4999999998,1269340.6912000119,53455.60019400282,1211043.4020000016,1340137.8020000032,57222.2,1410.375774394895,55994.0,58826.0,9438.8,406.25524611997326,8880.0,9782.0,5
ValoisQueue,144,0.9953936587831624,0.028131350886893346,0.9690815279728353,1.03099307165554,167224.2,4958.118816648102,160604.0,173264.0,246642.49943647083,5335.532991515277,239923.61330926282,252122.1771376707,1251400.8399999987,32283.406583382828,1206069.7999999989,1289469.7999999998,2069960.6920000159,46326.74361016305,1990797.3000000368,2110541.9400000134,137873.0,3261.2339689142223,133109.0,141932.0,10735.8,512.2906401643505,10137.0,11354.0,5
ValoisQueue,192,1.0904449251874113,0.013678759381165221,1.070599633375386,1.1045067615085147,222244.9,4928.744114883629,214383.0,227675.0,334432.877136,3165.309899625898,329286.66525,337764.93071,1591004.4019999988,17570.50800582508,1572979.2299999993,1611669.0199999989,2713128.3144000033,78964.81500505644,2611254.783000007,2801342.6360000023,179179.4,4008.3718390388885,173195.5,184466.5,13561.9,278.36248849297215,13249.0,13926.5,5
PLJQueue,1,4.982968810272031,0.0016563377234097038,4.980996977676313,4.985038393882943,317.0,0.0,317.0,317.0,319.87115,0.5617971334476586,319.07246,320.44219,349.8,0.4472135954999611,349.0,350.0,379.2,1.3038404810405253,377.0,380.0,105.0,0.0,105.0,105.0,99.0,0.0,99.0,99.0,5
PLJQueue,2,3.4788482322201597,0.08731090192490401,3.3680665193137567,3.579852144648401,1138.4,33.974990802059125,1101.0,1180.0,1116.834606,24.374662560021786,1084.77356,1142.00457,2501.603999999998,65.59599095981388,2426.0,2603.0,3045.2020000000075,70.61512591859638,3000.007000000027,3169.0,337.0,8.366600265340761,327.0,350.0,568.8,22.43211982849592,550.0,597.0,5
PLJQueue,4,2.7946700719119395,0.031019998799472846,2.757907437731621,2.840656901908566,2627.0,44.637428241331286,2568.0,2693.0,2897.815634,37.24185633369845,2835.64927,2931.76125,7400.613999999992,94.07315812706634,7299.0199999999895,7534.0199999999895,10847.014000000054,305.45400409475377,10521.00800000003,11185.030000000115,993.0,25.465663156493687,967.0,1028.0,1029.1,32.921117842503456,990.0,1077.0,5
PLJQueue,8,2.1391577647810927,0.09991895562916425,1.9765032877382163,2.2274815536683836,6452.4,244.88527926357685,6187.0,6817.0,7553.55499,386.57210624754816,7219.11825,8188.73963,22320.233999999982,1572.3862963756783,21131.109999999942,25010.029999999984,33111.865000000245,2369.5446908893873,31735.01300000005,37304.027000000104,3136.0,384.82983252341546,2823.0,3801.0,2054.3,74.42748148365624,1985.0,2146.0,5
PLJQueue,16,1.4821365338584254,0.045610655830541885,1.4402466422374833,1.5422677762426502,19579.1,794.5207989725636,18376.0,20300.5,21419.873034,769.432911410495,20245.1634,22055.34321,54191.50599999995,1169.2232061629575,52480.08999999995,55457.03999999998,80202.70860000042,1621.0263722142665,78387.0270000001,82280.01100000004,6417.2,292.1610429198253,5895.0,6559.5,8012.9,424.67405147948466,7588.0,8526.5,5
PLJQueue,32,0.9233434810185969,0.005820128909484374,0.9168835510135861,0.9312003026400983,64625.9,1050.18732852763,63149.5,65664.0,68517.598514,311.2847791075606,68037.28073,68801.8956,161908.52399999983,4251.646481944377,157213.3499999998,167572.21999999988,246995.47100000182,12565.277369526224,234492.81200000312,265950.11000000045,13753.7,718.3135283426031,13028.0,14838.5,29527.7,666.3993359840625,28815.0,30255.5,5
PLJQueue,48,0.6217930886461505,0.016292540740204906,0.6052772611203934,0.6442304465993356,142756.3,5539.16499348052,136426.5,149511.5,151045.76744,3488.536690662989,146587.27802,154608.11911,353851.8039999995,7089.120078157414,341265.1699999989,358238.5599999997,521239.17900000454,15212.645275692666,496667.31800000125,537793.2170000047,29613.9,1905.2515385113857,27425.0,31735.5,66566.2,4088.8962691660445,61532.0,72466.5,5
PLJQueue,64,0.5040889496475613,0.007907420166062546,0.49368431202391283,0.5127862722841691,233357.8,5077.464790621399,227166.0,238738.0,247543.80998,4751.209089311294,242433.03546,252873.88982,559089.3679999991,26150.05985426002,537797.8499999995,603399.6599999997,836604.0904000096,44568.801560678236,803008.8570000072,907644.7240000027,43907.2,3937.8898314960506,39994.5,50425.0,114207.7,5168.752153566661,108198.0,120734.5,5
PLJQueue,96,0.7455634673293051,0.012320454684399476,0.7278792933505194,0.759200862009312,170697.2,5764.256528382478,160435.5,173929.0,242071.599958,7341.594161717721,235967.95093,252641.64971,1171767.5659999982,60924.07221140277,1105444.0599999947,1254239.629999998,2103191.6630000197,185614.06331178718,1900956.3240000128,2390784.364000036,104315.5,11280.548856327869,93815.0,123420.5,14955.9,1451.0880142155402,13246.0,17077.5,5
PLJQueue,144,0.6777876519150856,0.0433138208401248,0.6331185121677768,0.7451300391000203,280916.6,23786.539729435222,256045.0,320162.0,360466.1149080899,26086.394760196286,328049.6873360529,395379.5290092858,1570942.5599999975,194812.23116957338,1330571.4,1764275.9999999993,2804302.8920000303,399444.26238670666,2350208.500000034,3238641.6600000323,116318.6,21678.026992786956,91289.0,142290.0,60143.4,14290.902431267245,41800.0,75453.0,5
PLJQueue,192,0.7092543085955444,0.023306034788070175,0.680953689829141,0.742854379261982,395852.6,10880.979703133355,380556.5,405701.5,501697.34988,14946.912556472078,481484.73998,518174.18485,1976336.329999994,320718.84207365004,1558530.8999999994,2347790.9099999783,3673025.9178000456,537030.9777089391,2939966.83300008,4316750.881000004,149653.0,24929.461315880853,118107.5,184459.5,106042.7,36750.898801253825,59106.0,148338.0,5
LCRQueue,1,9.147278413211927,0.0009906440394011889,9.146112723457517,9.148466023812217,185.4,0.5477225575051652,185.0,186.0,186.03845,0.3083854569366135,185.69885,186.34895,203.4,10.406728592598151,192.0,211.0,220.00020000000077,4.6369171008336805,213.0,225.0,37.0,0.0,37.0,37.0,37.0,0.0,37.0,37.0,5
LCRQueue,2,13.412860454958576,0.08676625044445092,13.292555649595773,13.500804247128002,441.6,8.142481194328916,428.0,449.0,452.240584,6.26270691172195,442.02379,458.86545,727.0,2.236067977499782,724.0,730.0,821.4,6.985699678629193,813.0,830.0,136.0,3.3911649915626323,130.0,138.0,207.6,3.507135583350036,202.0,211.0,5
LCRQueue,4,17.3115239213831,0.2225378521160243,16.913877969013246,17.421681827461835,564.8,23.636835659622466,552.0,607.0,565.7939640000001,22.169063747573603,554.43055,605.39891,895.0,44.97221364353772,869.0,975.0,1048.000800000003,42.32684728042283,1023.0,1123.0020000000077,232.0,4.527692569068706,229.0,240.0,295.2,20.042454939452902,285.0,331.0,5
LCRQueue,8,24.426721293947733,0.1133498970563586,24.29495594957531,24.536035705043624,711.8,0.8366600265340772,711.0,713.0,755.204194,13.110035927633072,748.20932,778.53857,1483.801999999999,12.395403180212762,1473.0099999999948,1504.0,1969.606000000023,36.96002614310516,1922.0140000000538,2022.0010000000038,349.4,1.140175425099143,348.0,351.0,310.6,0.8944271909999183,310.0,312.0,5
LCRQueue,16,27.83994135007557,0.022940168788554063,27.814094647597592,27.86232817323983,1196.4,4.159326868617094,1191.0,1202.0,1207.6641439999999,11.561369455031256,1194.06216,1224.19167,2572.2099999999946,152.10683794622472,2423.0099999999948,2789.0099999999948,4661.412000000046,242.76293800226688,4302.021000000081,4884.001000000004,784.4,4.979959839195488,779.0,791.0,325.8,0.8366600265340772,325.0,327.0,5
LCRQueue,32,28.376459404636602,0.2704888381852699,27.893496239099562,28.520287282477103,2163.8,3.96232255123181,2160.0,2170.0,2267.396836,68.19137922406827,2192.56519,2337.48165,4313.213999999993,331.537310766063,4155.009999999995,4906.049999999974,11435.815000000057,465.0079253389072,11074.004000000015,12235.012000000046,1754.4,4.037325847637268,1750.0,1759.0,329.2,1.3038404810405282,328.0,331.0,5
LCRQueue,48,24.690692895990928,0.02326860145510027,24.657270363116833,24.717264107829067,3653.1,5.248809388804252,3646.0,3660.0,3960.9710919999998,172.91086808217807,3750.81416,4183.75324,7098.011999999993,33.00939744980847,7069.0,7139.039999999979,18156.02820000011,234.25532484494747,17915.028000000108,18492.04200000016,2892.8,15.72259520562683,2865.0,2903.0,599.8,17.123083834403197,589.0,630.0,5
LCRQueue,64,24.182416178810342,0.012574524125314153,24.168956108798064,24.19751219327763,4979.8,7.596051605933158,4970.0,4988.0,5575.832064,335.5979060452582,5107.73179,6037.65046,9880.815999999992,17.96463553763296,9865.009999999995,9910.01999999999,26423.82400000009,339.5012858856211,26051.00300000001,26943.01300000005,4383.6,20.537770083434037,4353.0,4407.0,467.4,9.91463564635635,457.0,483.0,5
LCRQueue,96,16.528827535095754,0.31072395569929157,16.317234228798217,17.074976488557763,4201.5,423.97405581002243,3855.0,4932.5,15246.379068,2501.311735353437,10983.76489,17257.505,130141.89599999995,2119.305393715111,126789.01,132224.07999999996,179247.29020000034,597.5854386785762,178520.17600000068,179881.03100000013,1931.9,29.335132520580164,1897.0,1966.0,561.2,17.753872816937704,547.0,592.0,5
LCRQueue,144,17.486240409369465,0.1968280071341688,17.173942055690226,17.716014348162073,4354.4,1277.2377617342825,2962.0,6121.0,14917.014486191041,528.9628712870373,14169.854938610228,15413.628519563938,34651.39999999992,10493.070167496247,24241.199999999953,50325.79999999996,769722.464000229,930710.2456971338,81404.06000000167,1832319.8200006317,1919.6,248.22630803361676,1590.0,2169.0,1286.6,751.821654383538,520.0,2274.0,5
LCRQueue,192,21.090333509866916,1.9612718827328033,18.709165054787647,23.322694378562556,8643.2,4371.174293024702,3410.0,12178.0,20697.745894,3935.9270467974557,17706.40328,27490.21056,48794.89999999984,12301.251562613592,32861.97999999949,61841.009999999995,1067884.7216000394,1999773.6227457866,151720.01000000388,4644853.482000071,1381.2,96.0739298665356,1275.0,1499.0,1664.7,797.4212813814289,756.0,2579.0,5
LPRQueue,1,9.40958759958056,0.00040525316753816493,9.408951244970865,9.410069509536886,195.4,1.516575088810308,194.0,197.0,199.507108,8.082839457834108,194.28217,213.79593,205.0,4.06201920231798,202.0,212.0,213.4,6.8044103344816,206.0,219.0,46.4,0.8944271909999163,46.0,48.0,37.2,0.44721359549995765,37.0,38.0,5
LPRQueue,2,13.552789548408773,0.03361923181826243,13.499997363281766,13.591958091462551,324.0,14.212670403551895,315.0,349.0,411.90955,14.21868207496213,403.7247,437.24427,722.0019999999989,2.8240077903598344,717.0099999999948,724.0,15430.86800000026,192.31875016330673,15154.219000000841,15679.002000000008,48.6,0.547722557505166,48.0,49.0,141.0,0.7071067811865476,140.0,142.0,5
LPRQueue,4,15.980019554686526,0.08434548770863665,15.936552599961404,16.13052281376807,530.4,0.5477225575051765,530.0,531.0,595.527738,5.551581258927045,588.47528,602.10632,958.4,5.224940191045248,952.0,965.0,16086.82080000008,189.10575484286954,15893.032000000123,16349.012000000046,217.4,0.5477225575051635,217.0,218.0,220.6,2.0736441353327737,219.0,224.0,5
LPRQueue,8,20.73432044297129,0.1272573379533447,20.52093241986683,20.85018814036955,700.8,0.8366600265340858,700.0,702.0,844.822962,17.34403850264028,832.4749,875.22241,1723.001999999999,5.95651072357052,1715.0,1729.0,17600.01520000006,200.93666445603114,17415.006000000023,17940.033000000127,351.8,0.44721359549995315,351.0,352.0,302.2,0.8366600265340772,301.0,303.0,5
LPRQueue,16,12.380744154180793,0.23775903416927777,11.97685099269069,12.605973064580992,1154.4,1.8165902124584825,1152.0,1157.0,2585.9336,140.5335567003735,2426.02327,2726.41597,19331.802,132.29424031302528,19145.009999999995,19492.0,59474.11660000045,1762.2575974493436,57164.03200000012,61630.1310000005,724.2,2.774887385102317,720.0,727.0,339.8,0.836660026534073,339.0,341.0,5
LPRQueue,32,11.827918266679742,0.5126942732597533,10.936089379747159,12.222740344751305,2213.0,23.270152556440152,2176.0,2237.0,5550.264736,419.4724160793196,5118.04347,6184.64217,24346.817999999992,229.4581534180045,24083.009999999995,24715.009999999995,69275.76000000062,2564.3232165604163,65415.001000000004,72281.07500000029,1612.8,26.271657732240648,1577.0,1641.0,445.6,16.979399282660147,424.0,470.0,5
LPRQueue,48,15.837843565035953,0.2808913723919959,15.400565088442956,16.158861810171246,3039.0,943.4413071304436,1373.0,3589.0,5996.896306,513.7007473273366,5402.01722,6715.86778,29717.81599999999,739.0488944109212,28620.029999999984,30393.0,61241.19220000073,4370.963868988561,56370.10700000041,67085.19500000075,1848.6,672.7490616864508,803.0,2411.0,732.2,267.3073137794774,412.0,1012.0,5
LPRQueue,64,14.879965368064921,0.08403902706130643,14.776704371634114,14.975576939951447,1780.9,1186.4826378839261,922.0,3748.5,9228.014554,568.7955679849882,8603.5587,9844.73664,31534.64199999998,6390.985230339691,20196.05999999997,35307.009999999995,366474.526600002,620604.5352341207,85081.38700000149,1476626.6410000024,916.0,465.0542979050941,500.0,1614.0,417.6,44.55109426265533,366.0,475.0,5
LPRQueue,96,12.32065474924453,0.04714061785512385,12.27111494583453,12.371233660064917,1062.8,12.89185789558666,1050.0,1083.0,15681.749056,1029.0264244695097,14296.01919,17027.0599,23071.35399999992,7720.180984862198,19188.01999999999,36866.62999999967,4910786.933800949,1250558.2118594046,3538366.8390011825,6083988.070002221,581.6,9.289779329994882,571.0,595.0,406.6,4.6151923036857365,403.0,414.0,5
LPRQueue,144,10.518023355599652,0.0655446480759961,10.410131468903042,10.577480652665242,842.8,8.584870412533903,832.0,853.0,25682.864561494498,2641.9711136354317,23018.88785270444,28899.40335723761,28715.079999999485,3882.9596562418446,24732.199999999342,33850.59999999966,11415870.572000772,2282396.4367293394,8793251.420000141,14148776.420002516,435.6,4.979959839195493,429.0,441.0,294.6,6.841052550594831,285.0,303.0,5
LPRQueue,192,9.549650121058452,0.052750405437170765,9.479527060470248,9.612424058095089,782.0,5.244044240850745,774.0,788.0,44999.17267,9631.385332163296,37957.07061,61832.60913,36439.83599999998,185.1224433449278,36256.01999999999,36723.06999999996,17946947.39500047,1991941.6805436169,15466623.491000028,20341154.37500111,364.5,3.872983346207423,359.5,370.0,286.4,4.159326868617079,280.0,290.0,5
